Protein1,Protein2,Residue1,Residue2
A,B,166,70
A,B,166,72
A,B,166,82
A,B,167,70
A,B,167,82
A,B,167,84
A,B,167,85
A,B,169,72
A,B,169,82
A,B,169,108
A,B,170,72
A,B,171,58
A,B,171,70
A,B,171,71
A,B,171,72
A,B,172,73
A,B,173,55
A,B,173,58
A,B,173,59
A,B,173,74
A,B,174,58
A,B,284,58
A,B,286,58
A,B,286,59
A,B,286,61
A,B,286,70
A,B,286,71
A,B,288,68
A,B,288,70
A,B,289,70
A,B,351,107
A,B,354,107
A,B,354,110
A,B,355,107
A,B,355,109
A,B,369,113
A,B,372,109
A,B,372,112
A,B,372,113
A,B,372,116
A,B,373,109
A,B,373,110
A,B,373,112
A,B,373,113
A,B,375,72
A,B,375,73
A,B,375,80
A,B,375,108
A,B,375,109
A,B,375,112
